site_no,spot_no,site_name,spot_name,lat,lon,prefecture,landform,substrate,has_logger
1,1,屋久島・種子島周辺,屋久島　志戸子,30.448675,130.521853,鹿児島県,外洋,堆積岩,False
1,2,屋久島・種子島周辺,屋久島　元浦　,30.455233,130.515506,鹿児島県,内湾,堆積岩,False
1,3,屋久島・種子島周辺,屋久島管理棟下　 ,30.461531,130.516622,鹿児島県,外洋,堆積岩,False
1,4,屋久島・種子島周辺,屋久島　お宮下　,30.462811,130.493428,鹿児島県,外洋,堆積岩,False
1,5,屋久島・種子島周辺,屋久島タンク下　,30.457658,130.48885,鹿児島県,内湾,堆積岩,True
1,6,屋久島・種子島周辺,屋久島センロク　,30.448286,130.463392,鹿児島県,外洋,堆積岩,False
1,7,屋久島・種子島周辺,屋久島　塚崎　,30.272417,130.412417,鹿児島県,外洋,堆積岩,False
1,8,屋久島・種子島周辺,屋久島　七瀬　,30.24975,130.417981,鹿児島県,外洋,堆積岩,False
1,9,屋久島・種子島周辺,屋久島　中間　,30.24885,130.429161,鹿児島県,外洋,堆積岩,False
1,10,屋久島・種子島周辺,屋久島　湯泊　,30.233461,130.477075,鹿児島県,港湾,堆積岩,False
1,11,屋久島・種子島周辺,屋久島　麦生,30.260597,130.606903,鹿児島県,外洋,堆積岩,False
1,12,屋久島・種子島周辺,口永良部　寝待　,30.469675,130.229847,鹿児島県,やや内湾,玄武岩,False
1,13,屋久島・種子島周辺,口永良部岩屋泊,30.486625,130.168994,鹿児島県,内湾,玄武岩,False
1,14,屋久島・種子島周辺,馬毛島,30.758092,130.863408,鹿児島県,外洋,堆積岩,False
1,15,屋久島・種子島周辺,種子島　大瀬,30.39915,130.9855,鹿児島県,外洋,堆積岩,False
1,16,屋久島・種子島周辺,種子島　住吉　　,30.665167,130.943047,鹿児島県,外洋,サンゴ礁,False
1,17,屋久島・種子島周辺,竹島 コモリ港,30.808408,130.413664,鹿児島県,外洋,玄武岩,False
1,18,屋久島・種子島周辺,硫黄島永良部崎　,30.775622,130.275311,鹿児島県,外洋,玄武岩,False
1,19,屋久島・種子島周辺,黒島　夫婦瀬,30.815353,129.918014,鹿児島県,外洋,玄武岩,False
1,20,屋久島・種子島周辺,種子島　浦田ビーチ,30.824578,131.038042,鹿児島県,内湾,堆積岩,False
2,1,小宝島周辺,宝島前篭港東,29.160056,129.209778,鹿児島県,礁斜面,岩盤,False
2,2,小宝島周辺,宝島海水浴場沖,29.159194,129.216056,鹿児島県,礁縁,岩盤,False
2,3,小宝島周辺,宝島ヘリポート沖①,29.153944,129.224139,鹿児島県,礁縁・離礁,岩盤,False
2,4,小宝島周辺,宝島ヘリポート沖②,29.153444,129.223722,鹿児島県,礁縁,岩盤,False
2,5,小宝島周辺,宝島洗石港南,29.144,129.219917,鹿児島県,礁斜面,岩盤,False
2,6,小宝島周辺,宝島ヘリポート沖③,29.151389,129.224583,鹿児島県,礁斜面,岩盤,False
2,7,小宝島周辺,宝島ヘリポート沖④,29.151278,129.226194,鹿児島県,礁斜面,岩盤,False
2,8,小宝島周辺,小宝島港西,29.219861,129.330222,鹿児島県,礁斜面,岩礁,False
2,9,小宝島周辺,悪石島北東岸畝神,29.472667,129.608472,鹿児島県,岩礁・巨大転石,岩盤,False
2,10,小宝島周辺,悪石島東岸女神山岬下,29.452611,129.620944,鹿児島県,岩礁・巨大転石,岩盤,False
2,11,小宝島周辺,諏訪之瀬島南東岸,29.618056,129.719167,鹿児島県,沿岸,巨大転石・火山灰,False
2,12,小宝島周辺,諏訪之瀬島港桟橋南,29.609167,129.713333,鹿児島県,礁斜面,岩礁,False
2,13,小宝島周辺,中之島ジンニョム岳下,29.833333,129.910333,鹿児島県,岩礁,岩盤,False
2,14,小宝島周辺,小宝島赤立神東,29.219861,129.330222,鹿児島県,礁斜面・転石,岩盤,False
2,15,小宝島周辺,宝島前籠港西,29.160083,129.201472,鹿児島県,礁斜面,岩盤,False
2,16,小宝島周辺,小宝島港南,29.21775,129.325444,鹿児島県,礁斜面,岩盤,False
2,17,小宝島周辺,小宝島横瀬海岸東,29.228528,129.324139,鹿児島県,礁斜面,岩盤,False
2,18,小宝島周辺,小宝島横瀬海岸西,29.226083,129.319167,鹿児島県,礁斜面,岩盤,False
2,19,小宝島周辺,悪石島東浜,29.459556,129.616278,鹿児島県,岩礁,岩盤,False
2,20,小宝島周辺,中之島荷積,29.858111,129.835778,鹿児島県,小規模で浅い湾,岩盤・礫,False
2,21,小宝島周辺,中之島相原,29.852278,129.8375,鹿児島県,岩礁,岩盤,False
2,22,小宝島周辺,上ノ根島北,28.837194,129.000944,鹿児島県,岩礁,岩盤,False
2,23,小宝島周辺,横当島北入り江,28.798806,128.984583,鹿児島県,転石,岩盤,False
2,24,小宝島周辺,大間泊港前航路口,29.142528,129.195917,鹿児島県,,岩盤,False
2,25,小宝島周辺,悪石島風下,29.444806,129.607722,鹿児島県,岩礁,岩盤,False
2,26,小宝島周辺,中之島七ツ山,29.844833,129.896722,鹿児島県,縁脚,岩,False
2,27,小宝島周辺,口之島赤立,29.968861,129.904833,鹿児島県,礁斜面,岩,False
2,28,小宝島周辺,口之島エボシのハナレ,29.974194,129.899667,鹿児島県,離れの周囲、礁斜面,岩,False
2,29,小宝島周辺,口之島オランナダ,29.980722,129.901583,鹿児島県,礁斜面,岩,False
2,30,小宝島周辺,口之島前之浜,29.990333,129.924028,鹿児島県,縁脚,岩,False
2,31,小宝島周辺,口之島平瀬海水浴場前,29.997167,129.910306,鹿児島県,礁斜面,岩,False
3,1,奄美大島,赤木名立神,28.471083,129.648139,鹿児島県,礁原,サンゴ岩,False
3,2,奄美大島,節田,28.41075,129.690028,鹿児島県,礁池,砂／礫,False
3,3,奄美大島,神の子,28.402583,129.6375,鹿児島県,礁池,砂／礫,False
3,4,奄美大島,久場,28.429194,129.598278,鹿児島県,内湾,泥,False
3,5,奄美大島,安木屋場,28.477667,129.609806,鹿児島県,礁池,砂／礫,False
3,6,奄美大島,崎原東,28.337556,129.567472,鹿児島県,離礁,サンゴ岩,False
3,7,奄美大島,崎原南,28.333389,129.554833,鹿児島県,やや内湾,砂／礫,False
3,8,奄美大島,摺子崎,28.412833,129.46125,鹿児島県,礁池,砂／礫,False
3,9,奄美大島,大浜,28.40225,129.453028,鹿児島県,礁原,サンゴ岩,False
3,10,奄美大島,徳浜,28.346111,129.312639,鹿児島県,礁原,サンゴ岩,False
3,11,奄美大島,和瀬,28.292611,129.475444,鹿児島県,礁原,サンゴ岩,True
3,12,奄美大島,実久,28.199806,129.202222,鹿児島県,礁原,サンゴ岩,False
3,13,奄美大島,デリキョンマ崎,28.188778,129.243833,鹿児島県,礁原,サンゴ岩,True
3,14,奄美大島,手安,28.160333,129.293083,鹿児島県,内湾,砂,False
3,15,奄美大島,安脚場,28.111722,129.347056,鹿児島県,礁原,サンゴ岩,False
4,1,東村～奥,荒崎西**,26.075806,127.674528,沖縄県,礁斜面,岩,False
4,2,東村～奥,大度海岸礁池,26.087778,127.709361,沖縄県,礁池,砂・岩・礫,False
4,3,東村～奥,大度海岸礁斜面,26.085917,127.706667,沖縄県,礁斜面,岩・礫・砂,True
4,4,東村～奥,摩文仁南礁斜面,26.087556,127.719389,沖縄県,礁斜面,岩・砂,False
4,5,東村～奥,奥武島南礁池,26.124806,127.772167,沖縄県,礁池,岩,False
4,6,東村～奥,奥武島南礁斜面,26.122861,127.772389,沖縄県,礁斜面,岩,False
4,7,東村～奥,クマカ島南,26.141556,127.851083,沖縄県,礁斜面,岩・礫・砂,False
4,8,東村～奥,久高島エラブ岩東,26.15125,127.888722,沖縄県,礁斜面,岩・礫・砂,False
4,9,東村～奥,ウガン岩南,26.17775,127.929194,沖縄県,礁斜面,岩・礫・砂,False
4,10,東村～奥,津堅島アギハマ東,26.242472,127.951222,沖縄県,礁斜面,岩・礫・砂,False
4,11,東村～奥,ギノギ岩北東,26.279556,127.961167,沖縄県,礁斜面,岩,False
4,12,東村～奥,南浮原南東,26.285056,127.982083,沖縄県,礁斜面,岩・礫・砂,False
4,13,東村～奥,浮原北東ヨコビシ,26.306306,128.002528,沖縄県,礁斜面,砂,False
4,14,東村～奥,伊計島東礁池,26.383528,128.000639,沖縄県,礁斜面/礁池,岩・砂・礫,False
4,15,東村～奥,伊計島東礁斜面,26.384111,128.003833,沖縄県,礁斜面,岩・礫・砂,True
4,16,東村～奥,慶佐次ウッパマ東礁池,26.600667,128.154556,沖縄県,礁斜面,岩・礫,False
4,17,東村～奥,東村宮城ウンシ南,26.614778,128.180583,沖縄県,礁斜面,岩・礫,False
4,18,東村～奥,揚水発電所南東,26.668472,128.270111,沖縄県,礁斜面,岩・砂,False
4,19,東村～奥,安波南,26.707278,128.294194,沖縄県,礁斜面,岩・砂・礫,False
4,20,東村～奥,カツセノ崎南,26.719,128.302722,沖縄県,礁斜面,岩・礫,False
4,21,東村～奥,イシキナ崎南,26.730333,128.314472,沖縄県,礁斜面,岩,False
4,22,東村～奥,安田ヶ島南,26.738944,128.337667,沖縄県,礁斜面,岩,False
4,23,東村～奥,国頭村赤崎北礁池,26.821806,128.314111,沖縄県,礁斜面/礁池,岩・礫・砂,False
4,24,東村～奥,国頭村赤崎北礁斜面,26.823444,128.316917,沖縄県,礁斜面,岩・礫,False
4,25,東村～奥,奥漁港北,26.849056,128.288028,沖縄県,礁斜面,岩・礫・砂,False
4,26,東村～奥,宇佐浜東,26.865694,128.26625,沖縄県,礁斜面,岩,True
4,27,東村～奥,安田ヶ島北,26.755083,128.330972,沖縄県,礁斜面,岩,False
4,28,東村～奥,慶佐次ウッパマ東礁斜面,26.600556,128.156889,沖縄県,礁斜面,岩・礫,False
4,29,東村～奥,泡瀬ﾋﾒﾏﾂﾐﾄﾞﾘｲｼ礁池,26.308417,127.860806,沖縄県,礁池,砂・礫,False
4,30,東村～奥,泡瀬ﾋﾒﾏﾂﾐﾄﾞﾘｲｼ礁斜面,26.308417,127.860806,沖縄県,礁斜面,砂・礫,False
4,31,東村～奥,大浦ﾊﾏｻﾝｺﾞ,26.529361,128.073694,沖縄県,礁斜面,岩,False
4,32,東村～奥,具志川城跡南,26.078722,127.664056,沖縄県,礁斜面,岩,False
4,33,東村～奥,米須,26.084528,127.698167,沖縄県,礁斜面,岩,False
4,34,東村～奥,波名城礁池,26.112278,127.743389,沖縄県,礁池,砂,False
4,35,東村～奥,波名城礁斜面,26.110361,127.745111,沖縄県,礁斜面,岩,False
4,36,東村～奥,具志頭,26.116972,127.750694,沖縄県,礁斜面,岩,False
4,37,東村～奥,大浦ﾁﾘﾋﾞｼ,26.53825,128.079417,沖縄県,礁斜面,岩,False
4,38,東村～奥,大度海岸西礁池,26.088583,127.706861,沖縄県,礁池,砂・礫,False
4,39,東村～奥,宇佐浜東礁斜面,26.864861,128.267083,沖縄県,礁斜面,岩,False
4,40,東村～奥,浮原北東ヨコビシ東,26.304194,128.012472,沖縄県,礁斜面,砂,False
4,41,東村～奥,大泊橋北東浜,26.639194,128.247556,沖縄県,礁斜面,岩,False
4,42,東村～奥,中城湾チグニガ,26.217306,127.899194,沖縄県,離礁/礁斜面,岩,False
4,43,東村～奥,東村伊是名北,26.621944,128.147222,沖縄県,礁池,砂・礫,False
4,44,東村～奥,南浮原南,26.286361,127.978889,沖縄県,礁斜面,岩,False
4,45,東村～奥,慶佐次北,26.60925,128.158056,沖縄県,礁斜面,岩,False
4,46,東村～奥,浜比嘉島西,26.318694,127.946,沖縄県,礁池,砂・礫,False
4,47,東村～奥,ウカビ南東,26.174056,127.842361,沖縄県,礁斜面,岩,False
4,48,東村～奥,マガヤー北東,26.162028,127.840417,沖縄県,礁斜面,岩,False
4,49,東村～奥,知名崎海岸東礁斜面,26.184986,127.823914,沖縄県,礁斜面,岩・砂,False
4,50,東村～奥,クダカズニ礁斜面,26.171978,127.856739,沖縄県,礁斜面,岩・礫,False
4,51,東村～奥,クマカ島北礁斜面,26.152111,127.849861,沖縄県,礁斜面,岩,False
5,1,恩納村～残波岬,喜屋武漁港西,26.0985,127.645556,沖縄県,礁斜面,岩,False
5,2,恩納村～残波岬,那覇空港北儀間の瀬礁池,26.210194,127.638972,沖縄県,礁池,礫・岩,False
5,3,恩納村～残波岬,那覇空港北儀間の瀬北礁斜面,26.214389,127.64325,沖縄県,礁斜面,岩,False
5,4,恩納村～残波岬,チービシクエフ南*,26.244694,127.560889,沖縄県,礁斜面,岩,False
5,5,恩納村～残波岬,チービシ神山南,26.255444,127.579861,沖縄県,礁斜面,岩,False
5,6,恩納村～残波岬,チービシナガンヌ南,26.256333,127.539917,沖縄県,礁斜面,岩,False
5,7,恩納村～残波岬,チービシナガンヌ西,26.27025,127.524111,沖縄県,礁斜面,岩,False
5,8,恩納村～残波岬,チービシナガンヌ北,26.274111,127.550778,沖縄県,礁斜面,岩,False
5,9,恩納村～残波岬,空寿崎西座礁船,26.272056,127.694444,沖縄県,礁斜面,岩,False
5,10,恩納村～残波岬,伊佐西,26.296167,127.744722,沖縄県,礁斜面,岩,False
5,11,恩納村～残波岬,北谷町宮城海岸,26.329222,127.742111,沖縄県,礁斜面,岩,False
5,12,恩納村～残波岬,渡具知西,26.3635,127.734472,沖縄県,礁斜面,岩,False
5,13,恩納村～残波岬,残波岬西礁池,26.436694,127.709667,沖縄県,礁池,砂・礫,False
5,14,恩納村～残波岬,残波岬西礁斜面,26.438639,127.709333,沖縄県,礁斜面,岩,True
5,15,恩納村～残波岬,真栄田岬西礁池小,26.443333,127.768417,沖縄県,礁池,岩,False
5,16,恩納村～残波岬,真栄田岬西礁斜面,26.445333,127.767917,沖縄県,礁斜面,岩,False
5,17,恩納村～残波岬,恩納村赤崎西礁池,26.493917,127.839944,沖縄県,礁池,岩,False
5,18,恩納村～残波岬,恩納村赤崎西礁斜面,26.495972,127.837778,沖縄県,礁斜面,岩,False
5,19,恩納村～残波岬,安富祖北礁池,26.507694,127.881861,沖縄県,礁池,岩,False
5,20,恩納村～残波岬,部瀬名岬西,26.539361,127.930028,沖縄県,礁斜面,岩,False
5,21,恩納村～残波岬,瀬底島南,26.625278,127.858444,沖縄県,礁斜面,岩,False
5,22,恩納村～残波岬,港原海洋センター西,26.675833,127.876333,沖縄県,離礁/礁斜面,岩,False
5,23,恩納村～残波岬,水族館西,26.693167,127.872667,沖縄県,礁斜面,岩,False
5,24,恩納村～残波岬,備瀬崎東礁池,26.709833,127.879861,沖縄県,礁池,岩,False
5,25,恩納村～残波岬,備瀬崎東礁斜面,26.711611,127.881722,沖縄県,礁斜面,岩,False
5,26,恩納村～残波岬,今帰仁村長浜北礁池,26.708028,127.947944,沖縄県,礁池,礫・岩,False
5,27,恩納村～残波岬,今帰仁村長浜北礁斜面,26.710639,127.947972,沖縄県,礁斜面,岩,False
5,28,恩納村～残波岬,古宇利島北礁池,26.713278,128.021028,沖縄県,礁池,岩,False
5,29,恩納村～残波岬,古宇利島北礁斜面,26.715278,128.021278,沖縄県,礁斜面,岩,True
5,30,恩納村～残波岬,喜屋武漁港西トコマサリ礁*,26.09575,127.63675,沖縄県,離礁/礁斜面,岩,False
5,31,恩納村～残波岬,大嶺崎大瀬,26.192417,127.614583,沖縄県,礁斜面,岩,False
5,32,恩納村～残波岬,水釜,26.360111,127.739222,沖縄県,礁池,岩,False
5,33,恩納村～残波岬,水釜礁斜面,26.360639,127.738694,沖縄県,礁斜面,岩,False
5,34,恩納村～残波岬,西洲礁池,26.257722,127.683528,沖縄県,礁池,砂・岩,False
5,35,恩納村～残波岬,西洲礁斜面,26.2575,127.679167,沖縄県,礁斜面,岩,False
5,36,恩納村～残波岬,泊大橋西,26.226278,127.677139,沖縄県,礁斜面,岩,False
5,37,恩納村～残波岬,瀬底大橋北,26.653944,127.872,沖縄県,礁斜面,岩・砂,False
5,38,恩納村～残波岬,干ノ瀬,26.232833,127.653361,沖縄県,礁斜面,岩,False
5,39,恩納村～残波岬,浅ノ瀬防波堤,26.219194,127.642528,沖縄県,礁斜面,岩,False
5,40,恩納村～残波岬,ジャナセ,26.287139,127.717528,沖縄県,礁斜面,岩,False
5,41,恩納村～残波岬,喜屋武岬西礁地,26.0825,127.655083,沖縄県,礁地,岩・礫,False
5,42,恩納村～残波岬,喜屋武岬西礁斜面,26.082222,127.651361,沖縄県,礁斜面,岩・礫,False
5,43,恩納村～残波岬,真栄田岬西礁池大,26.442694,127.767444,沖縄県,礁池,岩,False
5,44,恩納村～残波岬,砂辺*,26.3245,127.744278,沖縄県,礁斜面,岩,False
5,45,恩納村～残波岬,チービシ神山北,26.267444,127.574944,沖縄県,礁斜面,岩,False
5,46,恩納村～残波岬,久良波*,26.438583,127.784,沖縄県,礁斜面,岩,False
5,47,恩納村～残波岬,ウカハ岩西,26.141611,127.636639,沖縄県,礁斜面,岩,False
5,48,恩納村～残波岬,糸満港クラントガイ北,26.119833,127.6515,沖縄県,礁池,岩・礫,False
5,49,恩納村～残波岬,崎山,26.707139,127.963389,沖縄県,礁斜面,岩・礫,False
5,50,恩納村～残波岬,ヒキイシ南,26.2675,127.691028,沖縄県,礁斜面,岩,False
5,51,恩納村～残波岬,恩納村恩納礁斜面,26.508889,127.854083,沖縄県,礁斜面,岩,False
5,52,恩納村～残波岬,塩川港南,26.60625,127.891861,沖縄県,礁斜面,岩,False
5,53,恩納村～残波岬,チービシナガンヌ南2022,26.254611,127.5385,沖縄県,礁斜面,岩,False
5,54,恩納村～残波岬,宜野湾漁港西,26.285667,127.740278,沖縄県,礁斜面,岩,False
5,55,恩納村～残波岬,イナンビシ南,26.367389,127.720056,沖縄県,礁斜面,岩,False
5,56,恩納村～残波岬,冨着チンバマグムイ,26.468694,127.808861,沖縄県,礁斜面,岩,False
5,57,恩納村～残波岬,恩納村万座毛西,26.504722,127.844889,沖縄県,礁池,岩,False
5,58,恩納村～残波岬,恩納村万座毛,26.504528,127.847306,沖縄県,礁池,岩,False
5,59,恩納村～残波岬,屋部,26.59425,127.942667,沖縄県,礁池,岩,False
5,60,恩納村～残波岬,瀬底島北,26.650806,127.8525,沖縄県,礁斜面,岩,False
5,61,恩納村～残波岬,崎本部,26.631306,127.884444,沖縄県,礁斜面,岩,False
5,63,恩納村～残波岬,仲尾干瀬北礁斜面,26.688833,128.068806,沖縄県,礁斜面,岩,False
5,64,恩納村～残波岬,シッピシ礁斜面,26.72775,128.127056,沖縄県,礁斜面,岩・礫,False
5,65,恩納村～残波岬,田嘉里浜西礁斜面,26.722611,128.146833,沖縄県,礁斜面,岩・礫,False
5,66,恩納村～残波岬,ヒキイシ北礁斜面,26.272703,127.686431,沖縄県,礁斜面,岩,False
5,221,恩納村～残波岬,港原ヤッカイビシ,26.663389,127.874139,沖縄県,離礁/礁斜面,岩,False
6,1,水納島・伊是名島・伊平屋島,水納島東,26.646083,127.824389,沖縄県,礁斜面,岩,False
6,2,水納島・伊是名島・伊平屋島,ナカンシ東,26.67775,127.8225,沖縄県,礁斜面,岩,False
6,3,水納島・伊是名島・伊平屋島,伊江島西,26.719333,127.742806,沖縄県,礁斜面,岩,False
6,4,水納島・伊是名島・伊平屋島,伊江島イシャラ原東,26.722917,127.833556,沖縄県,礁斜面,岩,False
6,5,水納島・伊是名島・伊平屋島,伊江島湧出北,26.734722,127.789306,沖縄県,礁斜面,岩,True
6,6,水納島・伊是名島・伊平屋島,水納島北,26.658722,127.810111,沖縄県,礁斜面,岩,False
6,7,水納島・伊是名島・伊平屋島,伊是名島内花橋北,26.955,127.927,沖縄県,礁斜面,岩,False
6,8,水納島・伊是名島・伊平屋島,伊是名島アギギタラ,26.91,127.942,沖縄県,礁斜面,岩,False
6,9,水納島・伊是名島・伊平屋島,水納島西,26.652861,127.804722,沖縄県,礁斜面,岩,False
6,10,水納島・伊是名島・伊平屋島,伊江島フナズ原南,26.703167,127.776972,沖縄県,礁斜面,岩,False
6,11,水納島・伊是名島・伊平屋島,伊是名島第一号立標,26.907917,127.938083,沖縄県,礁斜面,岩,False
6,12,水納島・伊是名島・伊平屋島,伊江島西旧,26.72325,127.742111,沖縄県,礁斜面,岩,False
6,13,水納島・伊是名島・伊平屋島,ナカンシ西礁斜面,26.6744,127.8156,沖縄県,礁斜面,岩,False
7,1,慶良間諸島中心海域（阿嘉島、座間味、渡嘉敷周辺）,安室南,26.20175,127.317667,沖縄県,礁原,サンゴ岩,False
7,2,慶良間諸島中心海域（阿嘉島、座間味、渡嘉敷周辺）,座間味阿護の浦,26.237278,127.320056,沖縄県,"内湾
(離礁）","砂：礫・岩(サンゴ）
＝7：3",False
7,3,慶良間諸島中心海域（阿嘉島、座間味、渡嘉敷周辺）,座間味ニタ,26.237083,127.291056,沖縄県,礁原,サンゴ岩,False
7,4,慶良間諸島中心海域（阿嘉島、座間味、渡嘉敷周辺）,嘉比南,26.214611,127.287222,沖縄県,礁原,サンゴ岩,False
7,5,慶良間諸島中心海域（阿嘉島、座間味、渡嘉敷周辺）,阿嘉ニシハマ,26.202194,127.289306,沖縄県,"礁原～
礁斜面","サンゴ岩と礫：砂
＝8：2",True
7,6,慶良間諸島中心海域（阿嘉島、座間味、渡嘉敷周辺）,阿嘉クシバル,26.203139,127.267167,沖縄県,"礁原～
礁斜面",サンゴ岩,False
7,7,慶良間諸島中心海域（阿嘉島、座間味、渡嘉敷周辺）,阿嘉アグ,26.194667,127.272611,沖縄県,礁原,サンゴ岩,False
7,8,慶良間諸島中心海域（阿嘉島、座間味、渡嘉敷周辺）,阿嘉マエノハマ,26.1865,127.280694,沖縄県,礁原,"岩：礫
＝7：3",True
7,9,慶良間諸島中心海域（阿嘉島、座間味、渡嘉敷周辺）,屋嘉比東,26.211611,127.251306,沖縄県,"礁原～
礁斜面",サンゴ岩,False
7,10,慶良間諸島中心海域（阿嘉島、座間味、渡嘉敷周辺）,久場北西,26.176917,127.232611,沖縄県,礁斜面,岩,False
7,11,慶良間諸島中心海域（阿嘉島、座間味、渡嘉敷周辺）,渡嘉敷アリガー,26.205333,127.348083,沖縄県,礁斜面,サンゴ岩,False
7,12,慶良間諸島中心海域（阿嘉島、座間味、渡嘉敷周辺）,渡嘉敷アハレン,26.173,127.34075,沖縄県,礁斜面,サンゴ岩,False
8,1,大東諸島,本場階段前,25.873767,131.249633,沖縄県,,,False
8,2,大東諸島,ﾔｷﾞ道(岸壁)前,25.86115,131.219867,沖縄県,,,False
8,3,大東諸島,塩屋プール前,25.827983,131.21485,沖縄県,,,False
8,4,大東諸島,塩屋のﾊﾅ,25.823283,131.212133,沖縄県,,,False
8,5,大東諸島,ｱｶﾊﾞﾏ（銅浜）,25.814033,131.248033,沖縄県,,,False
8,6,大東諸島,亀池港前,25.812767,131.228067,沖縄県,,,False
8,7,大東諸島,海軍棒前,25.832883,131.268883,沖縄県,,,False
8,8,大東諸島,海軍棒プール*,25.832539,131.267239,沖縄県,,,False
8,9,大東諸島,ｱｶﾂｷﾎﾟｲﾝﾄ,25.839533,131.269367,沖縄県,,,False
8,10,大東諸島,ｱｶﾂｷﾎﾟｲﾝﾄ（20m）,25.839533,131.269367,沖縄県,,,False
8,11,大東諸島,北のﾊﾅ・東,25.961917,131.286383,沖縄県,,,False
8,12,大東諸島,北のﾊﾅ・南,25.960617,131.28395,沖縄県,,,False
8,13,大東諸島,北大東南端,25.927533,131.309217,沖縄県,,,False
8,14,大東諸島,ﾆｲｹｲｶﾞﾏ（二階釜）,25.93475,131.324867,沖縄県,,,False
8,15,大東諸島,真黒崎,25.951267,131.332983,沖縄県,,,False
8,16,大東諸島,海軍棒前・深場,25.832694,131.268694,沖縄県,,,False
8,17,大東諸島,塩屋プール*,25.826911,131.2154,沖縄県,,,False
8,18,大東諸島,ながやの下南側・浅瀬,25.837028,131.216833,沖縄県,,,False
9,1,宮古島周辺,池間島北カギンミ,24.941528,125.245306,沖縄県,礁池,岩・砂,True
9,2,宮古島周辺,池間島東チュラビジ,24.934194,125.259639,沖縄県,礁縁,岩,False
9,3,宮古島周辺,平良狩俣西,24.9005,125.259639,沖縄県,礁縁,岩,True
9,4,宮古島周辺,伊良部下地島カヤッファ,24.812583,125.143056,沖縄県,礁池,岩・砂,False
9,5,宮古島周辺,伊良部下地島渡口沖離礁,24.797806,125.161917,沖縄県,離礁,岩・砂,True
9,6,宮古島周辺,来間島東ヨコターラ,24.719444,125.264278,沖縄県,礁縁,岩,True
9,7,宮古島周辺,上野博愛沖友利大ビセ,24.714028,125.330278,沖縄県,礁池,岩・砂,False
9,8,宮古島周辺,城辺吉野海岸,24.748333,125.443111,沖縄県,礁池,岩・砂,False
9,9,宮古島周辺,城辺ツフツワ干瀬北,24.841083,125.391639,沖縄県,離礁・礁縁,岩,True
9,10,宮古島周辺,平良高野漁港沖二段干瀬,24.828417,125.347194,沖縄県,礁縁,岩,False
10,1,八重干瀬,八重干瀬ウル西,25.017056,125.246556,沖縄県,離礁・礁縁,岩・砂,False
10,2,八重干瀬,八重干瀬カナマラ中央南,25.016917,125.267417,沖縄県,離礁・礁縁,岩,True
10,3,八重干瀬,八重干瀬クンカディ・ガマ,24.996944,125.234778,沖縄県,離礁・礁縁,岩,True
10,4,八重干瀬,八重干瀬イフ南,24.994944,125.262,沖縄県,離礁・礁縁,岩・砂,False
11,1,平久保崎～宮良湾,大浜小前,24.345194,124.204861,沖縄県,礁池,岩・枝礫,False
11,2,平久保崎～宮良湾,宮良川河口,24.344278,124.214833,沖縄県,礁原・礁斜面,岩,False
11,3,平久保崎～宮良湾,宮良集落前,24.340861,124.233806,沖縄県,礁池,砂・岩,False
11,4,平久保崎～宮良湾,白保集落前,24.349889,124.252667,沖縄県,礁池・礁原,岩・枝礫,False
11,5,平久保崎～宮良湾,白保ｱｵｻﾝｺﾞ,24.363167,124.255444,沖縄県,礁池・礁原,岩・砂,False
11,6,平久保崎～宮良湾,白保第１ﾎﾟｰﾙ,24.364361,124.254556,沖縄県,礁池,岩・枝礫,False
11,7,平久保崎～宮良湾,白保～轟川,24.373444,124.255694,沖縄県,礁池,岩・枝礫,False
11,8,平久保崎～宮良湾,轟川河口,24.3845,124.256306,沖縄県,礁池,岩・砂,False
11,9,平久保崎～宮良湾,モリヤマグチ,24.396667,124.261583,沖縄県,礁原・水路斜面,岩・枝礫,False
11,10,平久保崎～宮良湾,スムジグチ,24.403806,124.263083,沖縄県,礁池,岩・枝礫,False
11,11,平久保崎～宮良湾,採石場前,24.409889,124.263306,沖縄県,礁池・礁原,岩・枝礫,False
11,12,平久保崎～宮良湾,通路川南,24.427778,124.255694,沖縄県,礁池,岩・枝礫,False
11,13,平久保崎～宮良湾,通路川水路北,24.430389,124.259056,沖縄県,礁原・水路斜面,岩・枝礫,False
11,14,平久保崎～宮良湾,野原崎,24.444528,124.261167,沖縄県,礁池,枝礫・砂,False
11,15,平久保崎～宮良湾,伊野田漁港前,24.460889,124.261028,沖縄県,礁池,枝礫・岩,False
11,16,平久保崎～宮良湾,大野牧場前,24.468583,124.262556,沖縄県,礁原・水路斜面,岩・枝礫,False
11,17,平久保崎～宮良湾,玉取崎南,24.485444,124.277972,沖縄県,礁池,岩・枝礫,False
11,18,平久保崎～宮良湾,玉取崎東,24.483806,124.290333,沖縄県,礁池,岩・枝礫,False
11,19,平久保崎～宮良湾,伊原間牧場前,24.515917,124.298611,沖縄県,礁池,枝礫・岩,True
11,20,平久保崎～宮良湾,トムル崎南,24.525444,124.308944,沖縄県,礁池・礁原,岩・枝礫,False
11,21,平久保崎～宮良湾,トムル崎,24.531278,124.310194,沖縄県,礁原,枝礫・岩,False
11,22,平久保崎～宮良湾,ﾊﾟﾗﾜｰﾙﾄﾞ前,24.54375,124.306639,沖縄県,礁池,枝礫,False
11,23,平久保崎～宮良湾,明石～安良崎,24.548972,124.31575,沖縄県,礁原・水路斜面,岩・礫,False
11,24,平久保崎～宮良湾,安良崎南,24.554333,124.319778,沖縄県,礁池,岩・枝礫,False
11,25,平久保崎～宮良湾,安良崎,24.560222,124.326361,沖縄県,礁池,岩・枝礫,False
11,26,平久保崎～宮良湾,安良グチ北,24.562306,124.335111,沖縄県,礁原・水路斜面,岩・礫,False
11,27,平久保崎～宮良湾,岩崎南,24.568944,124.340639,沖縄県,礁池,岩・枝礫,False
11,28,平久保崎～宮良湾,岩崎,24.581944,124.349417,沖縄県,礁池,岩・枝礫,False
11,29,平久保崎～宮良湾,岩崎～浦崎,24.592667,124.348639,沖縄県,礁池,岩・枝礫,False
11,30,平久保崎～宮良湾,浦崎沖,24.603944,124.345833,沖縄県,礁池・礁原,岩・枝礫,False
11,31,平久保崎～宮良湾,浦崎前,24.604111,124.342139,沖縄県,礁池,枝礫・岩,False
11,32,平久保崎～宮良湾,平野集落前,24.612278,124.3315,沖縄県,礁池,岩・枝礫,False
11,33,平久保崎～宮良湾,平久保灯台北,24.613556,124.321639,沖縄県,礁原・水路斜面,岩・枝礫,False
12,1,川平～大崎,平久保灯台西,24.605306,124.309889,沖縄県,礁池・礁原,枝礫・岩,False
12,2,川平～大崎,平久保川北,24.600028,124.306444,沖縄県,礁池,枝礫・岩,False
12,3,川平～大崎,平久保集落南,24.583722,124.300028,沖縄県,礁池,枝礫・岩,True
12,4,川平～大崎,嘉良川前,24.571972,124.292167,沖縄県,礁池,枝礫・岩,False
12,5,川平～大崎,ダテフ崎北,24.563333,124.282083,沖縄県,礁斜面,岩・枝礫,False
12,6,川平～大崎,ダテフ崎南,24.550111,124.285278,沖縄県,礁池,枝礫・砂,False
12,7,川平～大崎,野底石崎,24.520278,124.256361,沖縄県,礁池,枝礫・岩,False
12,8,川平～大崎,栄集落前,24.509528,124.240806,沖縄県,礁池,枝礫・岩,False
12,9,川平～大崎,野底集落前,24.503194,124.231056,沖縄県,礁池,枝礫・岩,False
12,10,川平～大崎,野底崎,24.499333,124.227278,沖縄県,礁池,岩・枝礫,False
12,11,川平～大崎,伊土名北,24.49225,124.218806,沖縄県,礁池・礁原,枝礫,False
12,12,川平～大崎,伊土名南,24.478694,124.218944,沖縄県,礁原・礁斜面,岩・枝礫,False
12,13,川平～大崎,浦底湾口北,24.469278,124.219194,沖縄県,礁原・礁斜面,岩・枝礫,False
12,14,川平～大崎,浦底湾口西,24.461583,124.208611,沖縄県,礁原・礁斜面,枝礫・岩,False
12,15,川平～大崎,富野集落前,24.459361,124.201028,沖縄県,礁原・礁斜面,岩,False
12,16,川平～大崎,米原ｷｬﾝﾌﾟ場,24.453556,124.184083,沖縄県,礁池,枝礫・岩,False
12,17,川平～大崎,ヤマバレー前,24.450722,124.173028,沖縄県,礁原・礁斜面,岩・枝礫,False
12,18,川平～大崎,ヤマバレー西,24.4515,124.168639,沖縄県,礁池,岩・枝礫,False
12,19,川平～大崎,川平小島東,24.457111,124.15525,沖縄県,礁池,岩・枝礫,False
12,20,川平～大崎,川平小島北,24.463833,124.149444,沖縄県,礁池,岩・枝礫,False
12,21,川平～大崎,川平水路東,24.468778,124.147278,沖縄県,礁原・水路斜面,岩・枝礫,False
12,22,川平～大崎,川平水路,24.469583,124.145528,沖縄県,礁原・水路斜面,枝礫・岩,False
12,23,川平～大崎,川平水路北西,24.47275,124.144667,沖縄県,礁池・礁原,岩・枝礫,True
12,24,川平～大崎,川平～石崎,24.481167,124.134583,沖縄県,礁池,岩・枝礫,False
12,25,川平～大崎,ｸﾗﾌﾞﾒｯﾄﾞ前,24.4845,124.123778,沖縄県,礁原・礁斜面,岩・枝礫,False
12,26,川平～大崎,川平石崎北,24.484194,124.118556,沖縄県,礁池・礁原,枝礫・岩,False
12,27,川平～大崎,川平石崎南,24.475639,124.111556,沖縄県,礁池・礁原,岩・枝礫,False
12,28,川平～大崎,底地ビーチ沖,24.469889,124.115083,沖縄県,礁池,枝礫・岩,False
12,29,川平～大崎,崎枝湾内,24.457556,124.111306,沖縄県,礁池,枝礫・岩,False
12,30,川平～大崎,崎枝湾口,24.458028,124.105583,沖縄県,礁原・礁斜面,岩,False
12,31,川平～大崎,崎枝～御神,24.454778,124.088806,沖縄県,礁原・礁斜面,岩,False
12,32,川平～大崎,御神崎,24.451139,124.075917,沖縄県,礁原・礁斜面,岩,False
12,33,川平～大崎,御神～屋良部,24.444722,124.075028,沖縄県,礁原・礁斜面,岩・枝礫,False
12,34,川平～大崎,屋良部崎北,24.433611,124.069944,沖縄県,礁原・礁斜面,岩,False
12,35,川平～大崎,屋良部崎南,24.427472,124.070444,沖縄県,礁原・礁斜面,岩,False
12,36,川平～大崎,屋良部～大崎,24.422361,124.076694,沖縄県,礁池・礁原,枝礫・岩,False
12,37,川平～大崎,名蔵保護水面,24.420861,124.089917,沖縄県,礁池,枝礫・砂,False
12,38,川平～大崎,富崎小島前,24.380833,124.116917,沖縄県,礁原・礁斜面,枝礫・岩,False
12,39,川平～大崎,観音崎,24.364278,124.109278,沖縄県,礁原・礁斜面,岩・礫,False
12,40,川平～大崎,真栄里海岸前,24.327889,124.175861,沖縄県,礁池,岩・砂礫,True
12,41,川平～大崎,赤崎,24.426083,124.111639,沖縄県,礁原・礁斜面,枝礫・岩,False
12,42,川平～大崎,名蔵川河口,24.408833,124.136417,沖縄県,礁池,砂泥・岩,False
12,43,川平～大崎,明石西,24.541472,124.282278,沖縄県,礁池,枝礫,False
12,44,川平～大崎,伊原間湾口,24.532778,124.260472,沖縄県,礁斜面,岩,False
13,27,小浜島周辺,小浜島東沖***,24.345167,124.006611,沖縄県,離礁,枝礫,False
13,28,小浜島周辺,嘉弥真島南岸礁縁***,24.357139,123.997361,沖縄県,礁斜面,枝礫・砂,False
13,31,小浜島周辺,嘉弥真島南西岸礁池内***,24.363389,123.994056,沖縄県,礁池,岩・枝礫,False
13,32,小浜島周辺,小浜島北東岸礁縁***,24.350139,123.992722,沖縄県,礁斜面,枝礫・砂,False
13,35,小浜島周辺,ヨナラ水道南礁縁***,24.333167,123.947611,沖縄県,礁斜面,岩・枝礫,False
13,36,小浜島周辺,ヨナラ水道南①***,24.326611,123.949472,沖縄県,離礁,枝礫・砂,False
13,42,小浜島周辺,小浜島東沖礁湖内①***,24.342278,124.032889,沖縄県,離礁,岩・砂,True
13,43,小浜島周辺,小浜島東沖礁湖内②***,24.348972,124.034806,沖縄県,離礁,岩・砂,False
13,44,小浜島周辺,嘉弥真島東沖礁湖内***,24.357889,124.037639,沖縄県,礁池,岩・砂,False
13,49,小浜島周辺,竹富島西沖離礁礁縁***,24.343333,124.0675,沖縄県,離礁,岩・枝礫,False
13,50,小浜島周辺,竹富島西沖離礁外縁***,24.351083,124.060944,沖縄県,離礁,岩・礫,False
13,51,小浜島周辺,竹富島北岸礁外縁***,24.347667,124.085306,沖縄県,礁斜面,岩・枝礫,False
13,52,小浜島周辺,竹富島北東岸礁外縁***,24.344944,124.090306,沖縄県,礁斜面,岩・枝礫,False
13,53,小浜島周辺,竹富島北東沖礁縁***,24.337722,124.099639,沖縄県,礁斜面,岩・枝礫,False
13,62,小浜島周辺,ヨナラ水道南②***,24.328306,123.9425,沖縄県,礁斜面,枝礫,False
13,63,小浜島周辺,ヨナラ水道南部***,24.332556,123.943028,沖縄県,礁斜面,岩・枝礫,False
13,64,小浜島周辺,ヨナラ水道中央部①***,24.348278,123.945944,沖縄県,礁斜面,岩・枝礫,True
13,65,小浜島周辺,ヨナラ水道北部***,24.358528,123.948333,沖縄県,礁斜面,岩・枝礫,False
13,67,小浜島周辺,小浜島東沖離礁①***,24.336194,124.020111,沖縄県,離礁,枝礫・砂,False
13,68,小浜島周辺,嘉弥真島東沖礁内縁***,24.362972,124.021556,沖縄県,礁池,岩・枝礫,False
13,71,小浜島周辺,嘉弥真島東沖礁外縁***,24.364722,124.041528,沖縄県,礁斜面,岩・礫,False
13,72,小浜島周辺,嘉弥真島北岸礁外縁①***,24.369806,124.009528,沖縄県,礁斜面,岩・礫,True
13,73,小浜島周辺,嘉弥真島北岸礁外縁②***,24.370639,123.989806,沖縄県,礁斜面,岩・礫,False
13,74,小浜島周辺,小浜島北岸礁外縁***,24.371528,123.974167,沖縄県,礁斜面,岩・礫,False
13,75,小浜島周辺,ヨナラ水道中央部②***,24.359,123.954611,沖縄県,礁斜面,岩,False
13,110,小浜島周辺,小浜島東沖離礁②***,24.336111,124.008806,沖縄県,離礁,枝礫・砂,False
13,112,小浜島周辺,タキドングチ海中公園地区***,24.336806,124.070083,沖縄県,礁斜面,枝礫・砂,False
13,116,小浜島周辺,ウ離島前離礁***,24.371639,123.949611,沖縄県,礁斜面,岩・礫,False
14,46,カタグァー周辺,シモビシ海中公園地区***,24.3075,124.054583,沖縄県,離礁,岩・枝礫,False
14,47,カタグァー周辺,竹富島南西岸礁縁***,24.313722,124.068139,沖縄県,礁斜面,岩・枝礫,False
14,54,カタグァー周辺,竹富島東沖離礁***,24.320861,124.105278,沖縄県,離礁,岩・枝礫,False
14,76,カタグァー周辺,アーサーピー外縁***,24.307722,124.108306,沖縄県,離礁,枝礫・砂,False
14,77,カタグァー周辺,ウマノハピー礁内①***,24.291417,124.128139,沖縄県,礁池,岩・枝礫,True
14,78,カタグァー周辺,ウマノハピー礁内②***,24.284556,124.141694,沖縄県,礁池,岩・枝礫,False
14,79,カタグァー周辺,ウマノハピー礁内③***,24.284889,124.147444,沖縄県,礁斜面,岩,False
14,80,カタグァー周辺,ウマノハピー内縁①***,24.274056,124.151111,沖縄県,礁池,岩・礫,False
14,81,カタグァー周辺,ウマノハピー内縁②***,24.266917,124.132444,沖縄県,礁池,岩・枝礫,False
14,82,カタグァー周辺,ウマノハピー内縁③***,24.252139,124.111,沖縄県,礁池,岩・枝礫,True
14,83,カタグァー周辺,ウマノハピー内縁④***,24.258417,124.095611,沖縄県,礁池,岩・礫,False
14,84,カタグァー周辺,ウマノハピー外縁①***,24.246861,124.104528,沖縄県,礁斜面,岩,False
14,87,カタグァー周辺,アーサーピー内縁①***,24.312028,124.111306,沖縄県,離礁,岩・枝礫,False
14,88,カタグァー周辺,アーサーピー内縁②***,24.301833,124.12375,沖縄県,離礁,岩・枝礫,False
14,89,カタグァー周辺,アーサーピー内縁③***,24.293278,124.142306,沖縄県,離礁,枝礫・砂,False
14,90,カタグァー周辺,アーサーピー内縁④***,24.300639,124.154889,沖縄県,離礁,岩・枝礫,False
14,93,カタグァー周辺,ウマノハピー外縁②***,24.275806,124.155278,沖縄県,礁斜面,岩,False
14,109,カタグァー周辺,竹富島南沖離礁①***,24.297222,124.076,沖縄県,離礁,岩・枝礫,False
14,114,カタグァー周辺,竹富島南沖離礁②***,24.285833,124.090861,沖縄県,離礁,岩・礫,False
14,115,カタグァー周辺,ウマノハピー礁内④***,24.284722,124.1065,沖縄県,離礁,岩・枝礫,False
15,4,シモビシ～仲間崎沖,黒島北沖離礁①***,24.281278,124.007472,沖縄県,離礁,岩・枝礫,False
15,5,シモビシ～仲間崎沖,黒島北沖離礁②***,24.277667,124.018056,沖縄県,離礁,岩・枝礫,False
15,19,シモビシ～仲間崎沖,黒島北沖離礁③***,24.262528,123.997472,沖縄県,離礁,岩・砂,False
15,20,シモビシ～仲間崎沖,黒島北沖離礁④***,24.268194,123.996222,沖縄県,離礁,岩・枝礫,False
15,22,シモビシ～仲間崎沖,黒島ー小浜島間離礁①***,24.301194,123.999611,沖縄県,離礁,枝礫,True
15,23,シモビシ～仲間崎沖,小浜島南東岸礁縁***,24.324056,124.004694,沖縄県,礁斜面,枝礫・砂,False
15,24,シモビシ～仲間崎沖,小浜島南東沖礁縁①***,24.321194,124.016778,沖縄県,礁斜面,枝礫,False
15,25,シモビシ～仲間崎沖,小浜島南東沖礁縁②***,24.325361,124.014194,沖縄県,礁斜面,枝礫・砂,False
15,37,シモビシ～仲間崎沖,黒島ー西表島間離礁①***,24.300111,123.949833,沖縄県,離礁,枝礫,False
15,38,シモビシ～仲間崎沖,黒島ー西表島間離礁②***,24.284611,123.963556,沖縄県,離礁,枝礫・砂,False
15,39,シモビシ～仲間崎沖,黒島ー小浜島間離礁②***,24.301139,124.015028,沖縄県,離礁,岩・枝礫,False
15,40,シモビシ～仲間崎沖,小浜島南東沖離礁①***,24.313639,124.021583,沖縄県,離礁,枝礫,False
15,41,シモビシ～仲間崎沖,小浜島南東沖離礁②***,24.318278,124.020444,沖縄県,離礁,枝礫,False
15,58,シモビシ～仲間崎沖,西表島東沖離礁①***,24.291194,123.936694,沖縄県,離礁,枝礫,False
15,59,シモビシ～仲間崎沖,西表島東沖離礁②***,24.302,123.933722,沖縄県,離礁,枝礫・砂,False
15,60,シモビシ～仲間崎沖,西表島東沖離礁③***,24.304333,123.930833,沖縄県,離礁,枝礫・砂,False
15,61,シモビシ～仲間崎沖,西表島東岸礁池内***,24.311694,123.926028,沖縄県,礁池,泥,False
15,66,シモビシ～仲間崎沖,小浜島南礁縁***,24.325778,123.980111,沖縄県,礁斜面,岩・砂,False
15,104,シモビシ～仲間崎沖,新城島ー西表島間離礁②***,24.263861,123.938222,沖縄県,離礁,岩・枝礫,True
15,106,シモビシ～仲間崎沖,黒島北西沖離礁***,24.275833,123.983972,沖縄県,離礁,岩・枝礫,False
15,107,シモビシ～仲間崎沖,小浜島南沖離礁***,24.305056,123.968917,沖縄県,離礁,枝礫・砂,False
15,108,シモビシ～仲間崎沖,ヨナラ水道南沖離礁***,24.317361,123.94425,沖縄県,離礁,枝礫・泥,False
15,111,シモビシ～仲間崎沖,小浜島南東沖離礁③***,24.315194,124.019972,沖縄県,離礁,枝礫・砂,False
15,113,シモビシ～仲間崎沖,西表島仲間崎沖離礁***,24.271139,123.918194,沖縄県,離礁,岩・砂,False
16,1,黒島～新城島,ウラビシ南礁縁***,24.263028,124.030583,沖縄県,離礁,岩・枝礫,False
16,2,黒島～新城島,ウラビシ東礁縁***,24.266778,124.034056,沖縄県,離礁,岩・礫,False
16,3,黒島～新城島,ウラビシ北東礁縁***,24.27425,124.036861,沖縄県,離礁,岩・礫,False
16,6,黒島～新城島,黒島北西岸礁縁***,24.250722,123.987444,沖縄県,離礁,岩・礫,False
16,7,黒島～新城島,黒島西岸礁池内***,24.234861,123.993472,沖縄県,礁池,岩・砂,False
16,8,黒島～新城島,黒島南西岸礁池内①***,24.224917,123.998861,沖縄県,礁池,岩・枝礫,False
16,9,黒島～新城島,黒島南岸礁池内***,24.215917,124.008028,沖縄県,礁池,岩・砂,False
16,10,黒島～新城島,黒島南東岸礁池内①***,24.231333,124.033611,沖縄県,礁池,岩・枝礫,False
16,11,黒島～新城島,黒島北東岸礁池内***,24.251139,124.027167,沖縄県,礁池,岩・礫,False
16,12,黒島～新城島,新城島上地北岸離礁***,24.244056,123.953028,沖縄県,離礁,岩・砂,False
16,13,黒島～新城島,マイビシ海中公園地区***,24.241222,123.9305,沖縄県,離礁,岩・砂,False
16,14,黒島～新城島,新城島上地西岸***,24.232528,123.933806,沖縄県,離礁,枝礫・砂,False
16,15,黒島～新城島,新城島間水路部***,24.224306,123.934194,沖縄県,離礁,岩・枝礫,False
16,16,黒島～新城島,新城島下地西岸礁池内①***,24.21625,123.915194,沖縄県,礁池,岩・礫,False
16,17,黒島～新城島,新城島下地西岸礁池内②***,24.215611,123.918389,沖縄県,礁池,岩・枝礫,False
16,45,黒島～新城島,ウラビシ北離礁***,24.277194,124.035139,沖縄県,離礁,岩・礫,False
16,69,黒島～新城島,黒島南東岸礁池内②***,24.221972,124.018694,沖縄県,礁池,枝礫・砂,False
16,70,黒島～新城島,黒島南西岸礁池内②***,24.221806,124.000306,沖縄県,礁池,岩・枝礫,False
16,85,黒島～新城島,新城島水路部礁池内***,24.222639,123.937861,沖縄県,礁池,岩,False
16,94,黒島～新城島,黒島南西岸礁外縁***,24.229694,123.994611,沖縄県,礁斜面,岩・礫,False
16,95,黒島～新城島,黒島南岸礁外縁***,24.211111,124.008306,沖縄県,礁斜面,岩・礫,True
16,96,黒島～新城島,キャングチ海中公園地区***,24.222417,124.030139,沖縄県,礁斜面,岩,False
16,97,黒島～新城島,黒島東岸礁外縁***,24.251583,124.034444,沖縄県,礁斜面,岩・礫,False
16,98,黒島～新城島,新城島上地東岸礁外縁***,24.236222,123.963444,沖縄県,礁斜面,岩・礫,False
16,99,黒島～新城島,新城島下地南東岸礁外縁***,24.206861,123.93975,沖縄県,礁斜面,岩・礫,False
16,100,黒島～新城島,新城島下地西岸礁外縁***,24.219778,123.907722,沖縄県,礁斜面,岩・礫,False
16,101,黒島～新城島,新城島北西沖離礁***,24.228056,123.921694,沖縄県,離礁,岩・砂,False
16,102,黒島～新城島,新城島ー西表島間離礁①***,24.248972,123.917667,沖縄県,離礁,岩・砂,False
16,103,黒島～新城島,南風見崎沖離礁外縁東***,24.243528,123.897528,沖縄県,礁斜面,岩・礫,False
16,105,黒島～新城島,黒島ー新城島間大型離礁***,24.257611,123.967611,沖縄県,離礁,岩・礫,False
17,120,崎山湾（西表島西部）周辺,ユツン湾口礁縁***,24.402139,123.888722,沖縄県,礁原～礁斜面,岩・枝礫,False
17,121,崎山湾（西表島西部）周辺,船浦沖離礁***,24.424556,123.854361,沖縄県,礁斜面,岩・礫,False
17,122,崎山湾（西表島西部）周辺,バラス島西***,24.434806,123.815556,沖縄県,離礁,枝礫,False
17,123,崎山湾（西表島西部）周辺,鳩間島南東礁池①***,24.452861,123.835528,沖縄県,礁原,岩・枝礫,False
17,124,崎山湾（西表島西部）周辺,鳩間島南東礁池②***,24.452,123.832889,沖縄県,離礁,岩・枝礫,False
17,125,崎山湾（西表島西部）周辺,鳩間島南西沖離礁***,24.454167,123.808139,沖縄県,離礁,岩・礫,False
17,126,崎山湾（西表島西部）周辺,星砂浜前礁縁***,24.439778,123.774528,沖縄県,礁斜面,岩・礫,True
17,127,崎山湾（西表島西部）周辺,タコ崎礁縁***,24.3305,123.738222,沖縄県,内湾,岩・枝礫,False
17,129,崎山湾（西表島西部）周辺,網取湾奥***,24.319972,123.707083,沖縄県,内湾,枝礫,False
17,130,崎山湾（西表島西部）周辺,ヨナソネ***,24.34775,123.685444,沖縄県,礁斜面,岩・礫,False
17,131,崎山湾（西表島西部）周辺,崎山礁縁***,24.323056,123.673556,沖縄県,礁斜面,岩,True
17,132,崎山湾（西表島西部）周辺,崎山礁池***,24.316139,123.675667,沖縄県,礁池,枝礫,False
17,133,崎山湾（西表島西部）周辺,波照間石***,24.279611,123.691889,沖縄県,礁斜面,岩,False
17,134,崎山湾（西表島西部）周辺,鹿川湾中ノ瀬①***,24.285056,123.731389,沖縄県,礁斜面,岩,False
17,135,崎山湾（西表島西部）周辺,鹿川湾中ノ瀬②***,24.288306,123.732028,沖縄県,礁斜面,岩・枝礫,False
17,136,崎山湾（西表島西部）周辺,サザレ浜礁縁***,24.275472,123.76275,沖縄県,礁斜面,岩,False
17,137,崎山湾（西表島西部）周辺,豊原沖礁縁***,24.241861,123.865639,沖縄県,礁斜面,岩・礫,False
17,138,崎山湾（西表島西部）周辺,船浮崎前***,24.344,123.729611,沖縄県,礁原,岩・枝礫,False
17,139,崎山湾（西表島西部）周辺,外パナリ南礁縁***,24.370861,123.705306,沖縄県,礁原～礁斜面,岩・礫,False
17,141,崎山湾（西表島西部）周辺,鳩間島東礁縁***,24.456528,123.842333,沖縄県,礁斜面,岩・礫,False
17,142,崎山湾（西表島西部）周辺,鳩間島北礁縁***,24.476639,123.829528,沖縄県,礁斜面,岩・礫,False
17,1261,崎山湾（西表島西部）周辺,星砂浜前礁池内***,24.437556,123.775778,沖縄県,礁池,岩・枝礫,False
17,1271,崎山湾（西表島西部）周辺,タコ崎礁浅部***,24.330167,123.737417,沖縄県,内湾,枝礫・砂,False
18,1,父島周辺,兄島　滝之浦,27.118717,142.203014,東京都,内湾,サンゴ岩盤,False
18,2,父島周辺,兄島　キャベツビーチ,27.109722,142.204028,東京都,内湾（海峡）,サンゴ岩盤、砂泥,False
18,3,父島周辺,兄島　水玉湾西側,27.110003,142.224908,東京都,内湾,岩盤,False
18,4,父島周辺,父島　宮之浜,27.10675,142.194292,東京都,内湾,サンゴ岩盤,True
18,5,父島周辺,父島  釣浜,27.104519,142.205539,東京都,内湾,サンゴ岩盤、砂,False
18,6,父島周辺,父島　初寝浦,27.084083,142.225544,東京都,外海,サンゴ岩盤、砂,False
18,7,父島周辺,父島　巽東海岸,27.055272,142.22905,東京都,内湾,サンゴ岩盤、砂、巨礫,True
18,8,父島周辺,父島　巽中海岸,27.052539,142.223286,東京都,内湾,サンゴ岩盤、砂、転石,False
18,9,父島周辺,"父島(属)南島
サンゴ池",27.047267,142.182678,東京都,離礁（内湾）,サンゴ岩盤、砂,False
18,10,父島周辺,父島　コペペ海岸,27.063336,142.192347,東京都,内湾,サ岩盤、砂泥,False
18,11,父島周辺,父島　野羊山内側,27.075128,142.18515,東京都,内湾,岩盤、巨礫、砂泥,False
18,12,父島周辺,父島　二見湾奥,27.093622,142.198883,東京都,内湾,サンゴ礫、砂泥,False
19,1,館山湾,沖ノ島①,34.983333,139.816667,千葉,やや内湾,岩,True
19,2,館山湾,沖ノ島②,34.983333,139.816667,千葉,やや内湾,岩,False
19,3,館山湾,坂田①,34.966667,139.766667,千葉,やや外洋,岩／砂,False
19,4,館山湾,坂田②,34.966667,139.766667,千葉,やや外洋,岩,False
19,5,館山湾,雀島,35.016667,139.816667,千葉,やや内湾,岩,False
19,6,館山湾,坂田③,34.966667,139.766667,千葉,やや外洋,岩,False
20,1,壱岐・対馬・五島列島,福江　布浦(1),32.65,128.65,長崎,やや内湾,基盤岩＋礫底,False
20,2,壱岐・対馬・五島列島,福江　布浦(2),32.65,128.65,長崎,やや内湾,基盤岩＋礫底,False
20,3,壱岐・対馬・五島列島,福江　津多羅島(1),32.566667,128.716667,長崎,外洋の島影,基盤岩,False
20,4,壱岐・対馬・五島列島,福江　津多羅島(2),32.566667,128.716667,長崎,外洋の島影,基盤岩,False
20,5,壱岐・対馬・五島列島,福江　津多羅島(3),32.566667,128.716667,長崎,外洋の島影,基盤岩,False
20,6,壱岐・対馬・五島列島,壱岐　黒崎,33.8,129.666667,長崎,内湾,砂礫底,False
20,7,壱岐・対馬・五島列島,壱岐　板浦,33.75,129.65,長崎,内湾,基盤岩＋砂底,False
20,8,壱岐・対馬・五島列島,壱岐　神瀬,33.766667,129.65,長崎,内湾,砂礫底,False
20,9,壱岐・対馬・五島列島,対馬　瀬ノ浦,34.4,129.266667,長崎,内湾,砂礫底,True
20,10,壱岐・対馬・五島列島,対馬　太田浦,34.266667,129.316667,長崎,やや内湾,基盤岩＋礫底,False
20,11,壱岐・対馬・五島列島,中通島　三ツ瀬(1),32.8,129.05,長崎,外洋の島影,基盤岩,False
20,12,壱岐・対馬・五島列島,中通島　三ツ瀬(2),32.816667,129.033333,長崎,外洋の島影,基盤岩,False
20,13,壱岐・対馬・五島列島,中通島　三ツ瀬(3),32.8,129.05,長崎,外洋の島影,基盤岩,False
20,14,壱岐・対馬・五島列島,若松島　滝ケ原,32.866667,128.966667,長崎,やや内湾,基盤岩＋礫底,True
20,15,壱岐・対馬・五島列島,福江　多々良島,32.733333,128.866667,長崎,やや内湾,基盤岩,False
20,16,壱岐・対馬・五島列島,対馬　太田浦沖,34.266667,129.316667,長崎,やや内湾,基盤岩＋礫底,False
20,17,壱岐・対馬・五島列島,福江　多々良島(2),32.733333,128.866667,長崎,入り江,"砂70, ガレ30",False
20,18,壱岐・対馬・五島列島,福江　屋根尾島,32.716667,128.85,長崎,入り江,"砂50, 石50",False
20,19,壱岐・対馬・五島列島,中通島　青木浦,32.933333,129.0,長崎,入り江,"岩石50, 砂30, ミル30",False
20,20,壱岐・対馬・五島列島,中通島　ダイビングショップ前,32.933333,129.033333,長崎,内湾（斜面）,"砂95, 石5",False
21,1,串本周辺,通夜島,33.452822,135.816403,和歌山県,やや内湾,岩/砂礫,False
21,2,串本周辺,住崎,33.448386,135.749206,和歌山県,"やや外洋
（入り江）",岩,False
21,3,串本周辺,ｸﾞﾗｽﾜｰﾙﾄﾞ①,33.454308,135.751347,和歌山県,外洋,砂礫,False
21,4,串本周辺,ｸﾞﾗｽﾜｰﾙﾄﾞ②,33.453333,135.753444,和歌山県,外洋,"岩
（サンゴ岩）",False
21,5,串本周辺,砥崎,33.4724,135.769269,和歌山県,やや外洋（湾口、くじの川河口近接）,岩/転石,False
21,6,串本周辺,高富湾奥,33.482586,135.757681,和歌山県,湾奥（高富川河口近接）,砂礫,False
21,7,串本周辺,公園1号地,33.479639,135.753917,和歌山県,外洋,礫砂,False
21,8,串本周辺,公園2号地,33.479083,135.7435,和歌山県,外洋,岩/礫砂,False
21,9,串本周辺,公園3号地,33.474278,135.736028,和歌山県,沖瀬,岩,False
21,10,串本周辺,公園4号地,33.477667,135.724306,和歌山県,入り江,砂礫/岩,False
21,11,串本周辺,展望塔前,33.480556,135.74625,和歌山県,やや外洋,砂礫,True
21,12,串本周辺,有田湾奥,33.484361,135.734611,和歌山県,湾奥,泥/砂礫,False
21,13,串本周辺,双島①,33.484042,135.691486,和歌山県,やや外洋,岩,True
21,14,串本周辺,双島②,33.484042,135.691628,和歌山県,やや外洋,岩,False
21,15,串本周辺,下浅地,33.476472,135.6655,和歌山県,沖瀬,岩,False
21,16,串本周辺,"二木島海中公園
1号地区",33.921611,136.200639,三重県,外洋,岩,False
21,17,串本周辺,"二木島海中公園
2号地区",33.943131,136.219911,三重県,外洋,岩,False
21,18,串本周辺,"紀伊大島
ゾウバナ",33.477333,135.819806,和歌山県,弱い内湾傾向,砂礫/岩,False
22,1,四国南西岸(宇和海～足摺岬),須ノ川,33.043639,132.484667,愛媛県,開放的湾内,"砂,転石,岩,砂礫",True
22,2,四国南西岸(宇和海～足摺岬),鹿島,32.9515,132.456444,愛媛県,外海,"砂,転石",False
22,3,四国南西岸(宇和海～足摺岬),天嶬鼻,32.929278,132.568944,愛媛県,外海,"砂,礫,転石,岩",False
22,4,四国南西岸(宇和海～足摺岬),白浜,32.87875,132.689778,高知県,内湾,"砂,転石,岩",False
22,5,四国南西岸(宇和海～足摺岬),黒崎,32.863222,132.6695,高知県,開放的湾内,"砂,転石,岩",False
22,6,四国南西岸(宇和海～足摺岬),網代,32.824611,132.64925,高知県,開放的湾内,"砂,礫,転石,岩",True
22,7,四国南西岸(宇和海～足摺岬),柏島,32.773611,132.624833,高知県,外海,"砂,礫,転石,岩",False
22,8,四国南西岸(宇和海～足摺岬),沖ノ島・トリノクビ,32.753167,132.549694,高知県,外海,"砂,礫,転石,岩",False
22,9,四国南西岸(宇和海～足摺岬),沖ノ島・三ツ碆,32.7455,132.569667,高知県,外海・沖瀬,,False
22,10,四国南西岸(宇和海～足摺岬),尻貝,32.797639,132.709389,高知県,内湾,"砂,礫,転石,岩",False
22,11,四国南西岸(宇和海～足摺岬),西泊,32.776528,132.732083,高知県,湾口,"砂,礫,転石,岩",True
22,12,四国南西岸(宇和海～足摺岬),爪白,32.784667,132.855,高知県,開放的湾内,"砂,礫,転石,岩",False
22,13,四国南西岸(宇和海～足摺岬),海中公園2号地・竜串１,32.786722,132.863583,高知県,開放的湾内,"砂,礫,転石,岩",False
22,14,四国南西岸(宇和海～足摺岬),海中公園2号地・竜串２,32.786,132.864722,高知県,開放的湾内,"砂,礫,転石,岩",False
22,15,四国南西岸(宇和海～足摺岬),海中公園3号地・大碆,32.781833,132.867583,高知県,開放的湾内,"砂,礫,転石,岩",False
22,16,四国南西岸(宇和海～足摺岬),大村碆,32.762472,132.868306,高知県,外海・沖瀬,"岩,転石,砂礫",False
22,17,土佐湾内(協力地点）,奈半利10号堤　内側,33.404917,134.031889,高知県,離岸堤内側,コンクリートブロック,False
22,18,土佐湾内(協力地点）,奈半利7号堤　外側,33.411222,134.029861,高知県,離岸堤外側,コンクリートブロック,False
22,19,土佐湾内(協力地点）,奈半利5号堤　内側,33.414806,134.0255,高知県,離岸堤内側,コンクリートブロック,False
22,20,土佐湾内(協力地点）,田野2号堤　内側,33.423194,134.006306,高知県,離岸堤内側,コンクリートブロック,False
22,21,四国東岸(協力地点）,金目,33.546194,134.307139,徳島県,内湾,岩・砂,False
22,22,四国東岸(協力地点）,海中公園1号地・沖側,33.544778,134.314528,徳島県,内湾,岩・砂,False
22,23,四国東岸(協力地点）,海中公園1号地・水路側,33.544778,134.314528,徳島県,内湾,岩・砂,False
22,24,四国東岸(協力地点）,海中公園2号地・竹ヶ島,33.542722,134.316333,徳島県,内湾,岩・砂,False
22,25,四国東岸(協力地点）,海中公園2号地・二子島,33.541861,134.31475,徳島県,湾口,岩・砂,False
22,26,四国東岸(協力地点）,大島・海中公園1号地,33.641722,134.496222,徳島県,外海,岩・礫,False
22,27,四国東岸(協力地点）,大島・海中公園2号地,33.643806,134.484278,徳島県,外海,岩,False
22,28,四国東岸(協力地点）,大島・ビシャゴ,33.639583,134.483472,徳島県,湾口,岩・転石,False
22,29,四国東岸(協力地点）,大島・内湾,33.637,134.484722,徳島県,湾内,岩・砂,False
22,30,四国東岸(協力地点）,大島・チエバの下,33.635056,134.481056,徳島県,外海,岩・転石,False
22,31,四国東岸(協力地点）,モニタリング基盤ＷＢ,33.543833,134.311611,徳島県,湾内,岩・砂,False
22,32,土佐湾内(協力地点）,大手の浜・灯台下,33.521028,133.753139,高知県,内湾,岩・砂地,False
22,33,土佐湾内(協力地点）,大手の浜・海風荘下,33.522417,133.753806,高知県,内湾,岩,False
22,34,土佐湾内(協力地点）,塩屋海岸,33.520278,133.753889,高知県,内湾,岩・礫,False
22,35,四国東岸(協力地点）,中崎,33.540372,134.302439,高知県,湾口,岩,False
22,36,四国東岸(協力地点）,中磯,33.540583,134.300303,高知県,湾口,岩,False
22,37,四国東岸(協力地点）,葛島,33.539839,134.311281,高知県,内湾,岩・砂,False
22,38,四国東岸(協力地点）,葛島東,33.53865,134.312139,高知県,内湾,岩・砂・ブロック,False
23,1,鹿児島県南部沿岸,身代湾入口,31.550917,130.690556,鹿児島県,小湾入口,角礫,False
23,2,鹿児島県南部沿岸,観音崎東,31.546667,130.658194,鹿児島県,岩礁入江,岩礁、角礫,False
23,3,鹿児島県南部沿岸,沖小島 （立神）,31.544389,130.617083,鹿児島県,島入江,礫,False
23,4,鹿児島県南部沿岸,神瀬,31.566389,130.592472,鹿児島県,干出瀬,礫、砂,False
23,5,鹿児島県南部沿岸,袴腰海中公園,31.589833,130.591167,鹿児島県,岩礁入江,岩礁、礫,False
23,6,鹿児島県南部沿岸,佐田岬海中公園・岬側,30.999167,130.668056,鹿児島県,岩礁入江,岩礁、砂,False
23,7,鹿児島県南部沿岸,佐多岬海中公園・ビロウ島,30.996278,130.670778,鹿児島県,島岩礁,岩礁、礫,False
23,8,鹿児島県南部沿岸,白木,31.27825,131.111944,鹿児島県,岩礁入江,巨大礫,False
23,9,鹿児島県南部沿岸,赤水大龍　権現,31.257806,130.258611,鹿児島県,岩礁入江,岩礁、礫,False
23,10,鹿児島県南部沿岸,坊津・塩ケ浦,31.256528,130.232389,鹿児島県,岩礁入江,岩礁、礫,False
23,11,鹿児島県南部沿岸,坊津・馬込浜その1,31.317444,130.203833,鹿児島県,岩礁入江,岩礁、礫,False
23,12,鹿児島県南部沿岸,坊津・馬込浜その2,31.319417,130.204972,鹿児島県,砂浜沖沈瀬,岩礁、礫,False
23,13,鹿児島県南部沿岸,坊津・平崎集会場下,31.342417,130.20725,鹿児島県,岩礁入江,礫,False
23,14,鹿児島県南部沿岸,坊津・田平,31.348889,130.205278,鹿児島県,岩礁入江,岩礁、礫,False
23,15,鹿児島県南部沿岸,笠沙町・大当,31.423611,130.170111,鹿児島県,開放海岸,礫、砂,False
23,16,鹿児島県南部沿岸,阿久根・桑島　　,32.032667,130.1665,鹿児島県,桑島西岸の浅瀬,岩礁・礫,False
23,17,鹿児島県南部沿岸,長島・多々羅島,32.084,130.1615,鹿児島県,多々羅島西岸,岩礁・礫,False
23,18,鹿児島県南部沿岸,東町・加世堂湾,32.1245,130.175778,鹿児島県,湾内,岩礁・礫,False
24,1,天草周辺,富岡海中公園１号、つつま瀬,32.523472,130.016167,熊本県,沈瀬,岩礁、間に砂,False
24,2,天草周辺,富岡海中公園２号、白岩崎,32.518639,130.02625,熊本県,岩礁開放海岸,岩礁一部円礫,False
24,3,天草周辺,天草海中公園、大ガ瀬,32.344694,129.967694,熊本県,岩礁,岩礁,True
24,4,天草周辺,天草海中公園、大ガ瀬対岸,32.348833,129.977139,熊本県,岩礁開放海岸,岩礁、礫,False
24,5,天草周辺,海中公園、桑島,32.200361,129.975583,熊本県,島入江,岩礁、礫,False
24,6,天草周辺,茂串（白浜）,32.205222,129.993306,熊本県,砂浜入江,岩礁、砂,False
24,7,天草周辺,大島北,32.186778,129.968528,熊本県,島入江,岩礁、礫,True
24,8,天草周辺,牛深海中公園１号、鶴崎,32.193111,129.993806,熊本県,岩礁入江,岩礁、礫,False
24,9,天草周辺,大島港西,32.179417,129.966611,熊本県,岩礁入江,岩礁、礫、砂,False
24,10,天草周辺,片島,32.149917,129.975111,熊本県,沈瀬,岩礁、礫、砂,False
24,11,天草周辺,春這,32.180611,130.020861,熊本県,島入江,岩礁、礫、砂,False
24,12,天草周辺,平瀬,32.165833,130.007778,熊本県,沈瀬,岩礁、礫,False
24,13,天草周辺,牛深海中公園３号、築ノ島,32.155472,130.042972,熊本県,島入江,礫,False
24,14,天草周辺,牛深海中公園４号、法ヶ島南側,32.161667,130.054611,熊本県,岩礁開放海岸,岩礁、礫,False
24,15,天草周辺,片島南,32.14375,129.971944,熊本県,岩礁開放海岸,岩礁、礫,False
25,1,多良間島周辺,ウエダマーリ°礁縁,24.629942,124.709094,沖縄県,裾礁・礁縁,岩・砂礫,False
25,2,多良間島周辺,ウエダマーリ°礁池,24.638333,124.717778,沖縄県,裾礁・礁池,岩・砂礫,False
25,3,多良間島周辺,タカアナ礁縁,24.630886,124.690856,沖縄県,裾礁・礁縁,岩・砂礫,False
25,4,多良間島周辺,マガリ°礁縁,24.636783,124.675039,沖縄県,裾礁・礁縁,岩・砂礫,False
25,5,多良間島周辺,ナカシャラ礁池,24.637022,124.682803,沖縄県,裾礁・礁池,岩・砂礫,False
25,6,多良間島周辺,アカダン礁縁,24.647047,124.670581,沖縄県,裾礁・礁縁,岩・砂礫,False
25,7,多良間島周辺,タカシバマ礁縁,24.658425,124.6676,沖縄県,裾礁・礁縁,岩・砂礫,False
25,8,多良間島周辺,アウル礁縁,24.672525,124.675361,沖縄県,裾礁・礁縁,岩・砂礫,False
25,9,多良間島周辺,ナガシャキｨ°礁縁,24.67885,124.684017,沖縄県,裾礁・礁縁,岩・砂礫,False
26,1,田辺周辺,天神崎ビーチ,33.725556,135.351111,和歌山県,内海,岩・砂,False
26,2,田辺周辺,沖島サンマリンコーラルガーデン,33.720278,135.324722,和歌山県,外洋,岩,False
26,3,田辺周辺,沖島エトセトラコーラルガーデン,33.721111,135.325556,和歌山県,外洋,岩,False
26,4,田辺周辺,ニシザキサンゴ真ん中,33.718611,135.324167,和歌山県,外洋,岩,False
26,5,田辺周辺,四双島南,33.691111,135.325833,和歌山県,外洋,岩,False
26,6,田辺周辺,権現崎,33.683333,135.338889,和歌山県,湾口,岩,False
26,7,田辺周辺,すさみビーチ,33.5475,135.485556,和歌山県,湾口,岩/転石,False
